id,age
1201,7.545220970705218
1202,6.723470667333299
1203,10.40525261469751
1204,8.035381451656054
1205,7.53264096554724
1206,8.144210067642907
1207,8.634601721828336
1208,11.031626961024855
1209,7.606870178282618
1210,9.734615195236044
1211,7.468405260440025
